Name,URL,Language,size,Oversize?
rocketmq-spring,https://github.com/apache/rocketmq-spring.git,Java,507,False
superset,https://github.com/apache/superset.git,Python,285902,False
lucene,https://github.com/apache/lucene.git,Java,454622,True
mina-sshd,https://github.com/apache/mina-sshd.git,Java,17811,False
shiro,https://github.com/apache/shiro.git,Java,25957,False
kafka,https://github.com/apache/kafka.git,Java,132080,False
geode,https://github.com/apache/geode.git,Java,209019,False
incubator-streampipes,https://github.com/apache/incubator-streampipes.git,Java,293586,False
shardingsphere,https://github.com/apache/shardingsphere.git,Java,435193,True
incubator-mxnet-site,https://github.com/apache/incubator-mxnet-site.git,HTML,5829142,True
impala,https://github.com/apache/impala.git,C++,195569,False
pulsar,https://github.com/apache/pulsar.git,Java,1341364,True
incubator-doris,https://github.com/apache/incubator-doris.git,Java,307564,True
tvm,https://github.com/apache/tvm.git,Python,51678,False
ambari,https://github.com/apache/ambari.git,Java,365428,True
incubator-kyuubi,https://github.com/apache/incubator-kyuubi.git,Scala,30285,False
datasketches-cpp,https://github.com/apache/datasketches-cpp.git,C++,3098,False
commons-scxml,https://github.com/apache/commons-scxml.git,Java,2949,False
apisix,https://github.com/apache/apisix.git,Lua,24398,False
incubator-brpc,https://github.com/apache/incubator-brpc.git,C++,29223,False
netbeans,https://github.com/apache/netbeans.git,Java,345743,True
druid,https://github.com/apache/druid.git,Java,236155,False
solr,https://github.com/apache/solr.git,Java,456515,True
skywalking-banyandb,https://github.com/apache/skywalking-banyandb.git,Go,1079,False
arrow,https://github.com/apache/arrow.git,C++,99521,False
dolphinscheduler,https://github.com/apache/dolphinscheduler.git,Java,92135,False
iceberg,https://github.com/apache/iceberg.git,Java,25555,False
echarts,https://github.com/apache/echarts.git,TypeScript,213122,False
cassandra,https://github.com/apache/cassandra.git,Java,364824,True
jena,https://github.com/apache/jena.git,Java,421858,True
apisix-ingress-controller,https://github.com/apache/apisix-ingress-controller.git,Go,7436,False
hudi,https://github.com/apache/hudi.git,Java,90715,False
spark,https://github.com/apache/spark.git,Scala,397833,True
avro,https://github.com/apache/avro.git,Java,19757,False
tomcat,https://github.com/apache/tomcat.git,Java,136449,False
pulsar-manager,https://github.com/apache/pulsar-manager.git,Java,12003,False
logging-log4net,https://github.com/apache/logging-log4net.git,C#,5712,False
camel-quarkus,https://github.com/apache/camel-quarkus.git,Java,32098,False
camel-k,https://github.com/apache/camel-k.git,Go,57277,False
ws-axiom,https://github.com/apache/ws-axiom.git,Java,18392,False
spamassassin,https://github.com/apache/spamassassin.git,Perl,76820,False
flink,https://github.com/apache/flink.git,Java,416952,True
incubator-heron,https://github.com/apache/incubator-heron.git,Java,611014,True
incubator-age,https://github.com/apache/incubator-age.git,C,2038,False
drill,https://github.com/apache/drill.git,Java,130648,False
poi,https://github.com/apache/poi.git,Java,212280,False
geode-native,https://github.com/apache/geode-native.git,C++,24158,False
airflow,https://github.com/apache/airflow.git,Python,137880,False
couchdb,https://github.com/apache/couchdb.git,Erlang,37809,False
incubator-ponymail-foal,https://github.com/apache/incubator-ponymail-foal.git,JavaScript,7350,False
pinot,https://github.com/apache/pinot.git,Java,229341,False
beam,https://github.com/apache/beam.git,Java,254453,False
tomee-site-pub,https://github.com/apache/tomee-site-pub.git,HTML,98093,False
pulsar-client-node,https://github.com/apache/pulsar-client-node.git,C++,2062,False
groovy,https://github.com/apache/groovy.git,Java,202150,False
datasketches-java,https://github.com/apache/datasketches-java.git,Java,12098,False
commons-text,https://github.com/apache/commons-text.git,Java,2925,False
thrift,https://github.com/apache/thrift.git,C++,28687,False
daffodil-vscode,https://github.com/apache/daffodil-vscode.git,TypeScript,1330,False
freemarker,https://github.com/apache/freemarker.git,Java,17677,False
skywalking-swck,https://github.com/apache/skywalking-swck.git,Go,478,False
sling-site,https://github.com/apache/sling-site.git,HTML,78535,False
airavata-data-lake,https://github.com/apache/airavata-data-lake.git,Java,1370,False
trafficcontrol,https://github.com/apache/trafficcontrol.git,Go,108074,False
hive,https://github.com/apache/hive.git,Java,557184,True
royale-asjs,https://github.com/apache/royale-asjs.git,ActionScript,53313,False
airavata-django-portal-sdk,https://github.com/apache/airavata-django-portal-sdk.git,Python,356,False
isis,https://github.com/apache/isis.git,Java,316637,True
fineract,https://github.com/apache/fineract.git,Java,52018,False
manifoldcf,https://github.com/apache/manifoldcf.git,Java,163752,False
kudu,https://github.com/apache/kudu.git,C++,75295,False
qpid-site,https://github.com/apache/qpid-site.git,HTML,139969,False
tinkerpop,https://github.com/apache/tinkerpop.git,Java,174201,False
camel-karavan,https://github.com/apache/camel-karavan.git,TypeScript,5611,False
qpid-dispatch,https://github.com/apache/qpid-dispatch.git,C,41219,False
arrow-rs,https://github.com/apache/arrow-rs.git,Rust,11750,False
incubator-pagespeed-ngx,https://github.com/apache/incubator-pagespeed-ngx.git,C++,80727,False
synapse,https://github.com/apache/synapse.git,Java,44227,False
sling-org-apache-sling-testing-osgi-mock,https://github.com/apache/sling-org-apache-sling-testing-osgi-mock.git,Java,663,False
arrow-datafusion,https://github.com/apache/arrow-datafusion.git,Rust,13784,False
maven-surefire,https://github.com/apache/maven-surefire.git,Java,14041,False
tvm-site,https://github.com/apache/tvm-site.git,JavaScript,221811,False
pdfbox,https://github.com/apache/pdfbox.git,Java,102140,False
nifi,https://github.com/apache/nifi.git,Java,190913,False
mesos,https://github.com/apache/mesos.git,C++,404191,True
cloudstack,https://github.com/apache/cloudstack.git,Java,567325,True
arrow-site,https://github.com/apache/arrow-site.git,Python,110035,False
couchdb-documentation,https://github.com/apache/couchdb-documentation.git,Python,6824,False
zookeeper,https://github.com/apache/zookeeper.git,Java,128381,False
activemq-artemis,https://github.com/apache/activemq-artemis.git,Java,63783,False
mynewt-core,https://github.com/apache/mynewt-core.git,C,176298,False
apr,https://github.com/apache/apr.git,C,18177,False
subversion,https://github.com/apache/subversion.git,C,206681,False
ignite,https://github.com/apache/ignite.git,Java,406640,True
accumulo-testing,https://github.com/apache/accumulo-testing.git,Java,932,False
camel,https://github.com/apache/camel.git,Java,552958,True
incubator-yunikorn-release,https://github.com/apache/incubator-yunikorn-release.git,Go,185,False
karaf,https://github.com/apache/karaf.git,Java,66623,False
incubator-nuttx,https://github.com/apache/incubator-nuttx.git,C,159358,False
cordova-plugin-statusbar,https://github.com/apache/cordova-plugin-statusbar.git,Objective-C,444,False
cassandra-dtest,https://github.com/apache/cassandra-dtest.git,Python,19965,False
maven-site-plugin,https://github.com/apache/maven-site-plugin.git,Java,2363,False
airavata-mft,https://github.com/apache/airavata-mft.git,Java,1126,False
skywalking-showcase,https://github.com/apache/skywalking-showcase.git,Makefile,570,False
systemds,https://github.com/apache/systemds.git,Java,328250,True
kafka-site,https://github.com/apache/kafka-site.git,HTML,42462,False
shardingsphere-elasticjob,https://github.com/apache/shardingsphere-elasticjob.git,Java,43464,False
ofbiz-framework,https://github.com/apache/ofbiz-framework.git,Java,727423,True
iotdb,https://github.com/apache/iotdb.git,Java,59765,False
incubator-mxnet,https://github.com/apache/incubator-mxnet.git,C++,96357,False
myfaces-tobago,https://github.com/apache/myfaces-tobago.git,Java,80838,False
apisix-dashboard,https://github.com/apache/apisix-dashboard.git,Go,13044,False
dubbo,https://github.com/apache/dubbo.git,Java,37552,False
plc4x,https://github.com/apache/plc4x.git,Java,134756,False
incubator-wayang,https://github.com/apache/incubator-wayang.git,Java,11419,False
skywalking,https://github.com/apache/skywalking.git,Java,161704,False
accumulo,https://github.com/apache/accumulo.git,Java,82069,False
cordova-plugin-inappbrowser,https://github.com/apache/cordova-plugin-inappbrowser.git,Objective-C,1782,False
rocketmq,https://github.com/apache/rocketmq.git,Java,11268,False
turbine-core,https://github.com/apache/turbine-core.git,Java,26715,False
flink-training,https://github.com/apache/flink-training.git,Java,341,False
cayenne,https://github.com/apache/cayenne.git,Java,89203,False
hadoop-mapreduce,https://github.com/apache/hadoop-mapreduce.git,Java,35534,False
incubator-ponymail-site,https://github.com/apache/incubator-ponymail-site.git,HTML,3806,False
apisix-website,https://github.com/apache/apisix-website.git,JavaScript,883410,True
camel-website,https://github.com/apache/camel-website.git,CSS,714086,True
madlib,https://github.com/apache/madlib.git,C++,20001,False
calcite,https://github.com/apache/calcite.git,Java,76030,False
commons-lang,https://github.com/apache/commons-lang.git,Java,26529,False
jmeter,https://github.com/apache/jmeter.git,Java,90841,False
sling-org-apache-sling-starter,https://github.com/apache/sling-org-apache-sling-starter.git,Java,1030,False
incubator-teaclave-sgx-sdk,https://github.com/apache/incubator-teaclave-sgx-sdk.git,Rust,43788,False
gobblin,https://github.com/apache/gobblin.git,Java,130157,False
lucenenet,https://github.com/apache/lucenenet.git,C#,173965,False
hadoop,https://github.com/apache/hadoop.git,Java,526916,True
dubbo-spi-extensions,https://github.com/apache/dubbo-spi-extensions.git,Java,2833,False
tomee,https://github.com/apache/tomee.git,Java,82977,False
camel-performance-tests,https://github.com/apache/camel-performance-tests.git,Java,2344,False
daffodil,https://github.com/apache/daffodil.git,Scala,175974,False
openjpa,https://github.com/apache/openjpa.git,Java,37449,False
camel-kamelets,https://github.com/apache/camel-kamelets.git,Java,2906,False
logging-log4j2,https://github.com/apache/logging-log4j2.git,Java,53357,False
servicecomb-kie,https://github.com/apache/servicecomb-kie.git,Go,8762,False
incubator-annotator,https://github.com/apache/incubator-annotator.git,TypeScript,3669,False
ozone,https://github.com/apache/ozone.git,Java,40577,False
kylin,https://github.com/apache/kylin.git,Java,305102,True
brooklyn-ui,https://github.com/apache/brooklyn-ui.git,JavaScript,11312,False
infrastructure-website,https://github.com/apache/infrastructure-website.git,HTML,14803,False
flex-sdk,https://github.com/apache/flex-sdk.git,ActionScript,269011,False
maven,https://github.com/apache/maven.git,Java,49503,False
httpcomponents-client,https://github.com/apache/httpcomponents-client.git,Java,17255,False
bookkeeper,https://github.com/apache/bookkeeper.git,Java,57945,False
hbase,https://github.com/apache/hbase.git,Java,435233,True
dolphinscheduler-website,https://github.com/apache/dolphinscheduler-website.git,JavaScript,280458,False
ozone-site,https://github.com/apache/ozone-site.git,HTML,29449,False
incubator-shenyu,https://github.com/apache/incubator-shenyu.git,Java,27746,False
ignite-extensions,https://github.com/apache/ignite-extensions.git,Java,1672,False
qpid-proton,https://github.com/apache/qpid-proton.git,C++,15654,False
cordova-plugin-dialogs,https://github.com/apache/cordova-plugin-dialogs.git,JavaScript,508,False
predictionio-sdk-php,https://github.com/apache/predictionio-sdk-php.git,PHP,154,False
tez,https://github.com/apache/tez.git,Java,28790,False
jackrabbit-oak,https://github.com/apache/jackrabbit-oak.git,Java,75692,False
airflow-ci-infra,https://github.com/apache/airflow-ci-infra.git,Python,121,False
camel-examples,https://github.com/apache/camel-examples.git,,9983,False
camel-spring-boot,https://github.com/apache/camel-spring-boot.git,Java,209240,False
apisix-go-plugin-runner,https://github.com/apache/apisix-go-plugin-runner.git,Go,695,False
skywalking-java,https://github.com/apache/skywalking-java.git,Java,161064,False
apisix-helm-chart,https://github.com/apache/apisix-helm-chart.git,Smarty,390,False
apisix-docker,https://github.com/apache/apisix-docker.git,Dockerfile,223,False
storm,https://github.com/apache/storm.git,Java,205454,False
rocketmq-dashboard,https://github.com/apache/rocketmq-dashboard.git,Java,5115,False
openoffice,https://github.com/apache/openoffice.git,C++,2019583,True
incubator-shenyu-website,https://github.com/apache/incubator-shenyu-website.git,TypeScript,338510,True
incubator-eventmesh,https://github.com/apache/incubator-eventmesh.git,Java,24011,False
commons-io,https://github.com/apache/commons-io.git,Java,8951,False
servicecomb-docs,https://github.com/apache/servicecomb-docs.git,Python,46080,False
dubbo-python2,https://github.com/apache/dubbo-python2.git,Python,151,False
rya,https://github.com/apache/rya.git,Java,8748,False
sling-org-apache-sling-servlets-resolver,https://github.com/apache/sling-org-apache-sling-servlets-resolver.git,Java,1138,False
openwhisk,https://github.com/apache/openwhisk.git,Scala,68282,False
dubbo-website,https://github.com/apache/dubbo-website.git,HTML,411949,True
cloudstack-go,https://github.com/apache/cloudstack-go.git,Go,6914,False
dubbo-admin,https://github.com/apache/dubbo-admin.git,Java,14399,False
hawq,https://github.com/apache/hawq.git,C,179634,False
cloudstack-terraform-provider,https://github.com/apache/cloudstack-terraform-provider.git,Go,7289,False
incubator-weex-ui,https://github.com/apache/incubator-weex-ui.git,Vue,6179,False
nutch,https://github.com/apache/nutch.git,Java,136587,False
incubator-linkis,https://github.com/apache/incubator-linkis.git,Java,72985,False
myfaces,https://github.com/apache/myfaces.git,Java,66848,False
mynewt-nimble,https://github.com/apache/mynewt-nimble.git,C,13747,False
curator,https://github.com/apache/curator.git,Java,10414,False
sling-org-apache-sling-launchpad-test-services,https://github.com/apache/sling-org-apache-sling-launchpad-test-services.git,Java,311,False
rocketmq-externals,https://github.com/apache/rocketmq-externals.git,Java,35025,False
rocketmq-operator,https://github.com/apache/rocketmq-operator.git,Go,650,False
calcite-avatica-go,https://github.com/apache/calcite-avatica-go.git,Go,601,False
flink-connectors,https://github.com/apache/flink-connectors.git,Kotlin,59,False
ratis,https://github.com/apache/ratis.git,Java,7261,False
skywalking-eyes,https://github.com/apache/skywalking-eyes.git,Go,1452,False
flink-ml,https://github.com/apache/flink-ml.git,Java,499,False
incubator-toree,https://github.com/apache/incubator-toree.git,Scala,11192,False
stratos,https://github.com/apache/stratos.git,Java,67395,False
skywalking-goapi,https://github.com/apache/skywalking-goapi.git,Shell,337,False
maven-toolchains-plugin,https://github.com/apache/maven-toolchains-plugin.git,Java,132,False
cordova-android,https://github.com/apache/cordova-android.git,JavaScript,37577,False
cordova-ios,https://github.com/apache/cordova-ios.git,JavaScript,31873,False
datasketches-postgresql,https://github.com/apache/datasketches-postgresql.git,C,276,False
datasketches-memory,https://github.com/apache/datasketches-memory.git,Java,8145,False
datasketches,https://github.com/apache/datasketches.git,,56177,False
commons-validator,https://github.com/apache/commons-validator.git,Java,7795,False
incubator-inlong-website,https://github.com/apache/incubator-inlong-website.git,JavaScript,48117,False
opennlp,https://github.com/apache/opennlp.git,Java,14665,False
skywalking-query-protocol,https://github.com/apache/skywalking-query-protocol.git,,116,False
dubbo-go-pixiu,https://github.com/apache/dubbo-go-pixiu.git,Go,17562,False
atlas,https://github.com/apache/atlas.git,Java,62727,False
shardingsphere-example,https://github.com/apache/shardingsphere-example.git,Java,3141,False
incubator-teaclave,https://github.com/apache/incubator-teaclave.git,Rust,12283,False
camel-kafka-connector,https://github.com/apache/camel-kafka-connector.git,Java,42640,False
parquet-mr,https://github.com/apache/parquet-mr.git,Java,17814,False
log4j,https://github.com/apache/log4j.git,Java,13974,False
incubator-inlong,https://github.com/apache/incubator-inlong.git,Java,15068,False
nano,https://github.com/apache/nano.git,JavaScript,1655,False
httpd,https://github.com/apache/httpd.git,C,335586,True
dubbo-go,https://github.com/apache/dubbo-go.git,Go,86989,False
rocketmq-flink,https://github.com/apache/rocketmq-flink.git,Java,215,False
activemq,https://github.com/apache/activemq.git,Java,57829,False
trafficserver,https://github.com/apache/trafficserver.git,C++,131295,False
trafficserver-site,https://github.com/apache/trafficserver-site.git,HTML,3226,False
systemds-website,https://github.com/apache/systemds-website.git,HTML,85348,False
ofbiz-plugins,https://github.com/apache/ofbiz-plugins.git,Java,162248,False
tika-docker,https://github.com/apache/tika-docker.git,Shell,101,False
commons-fileupload,https://github.com/apache/commons-fileupload.git,Java,2195,False
pinot-site,https://github.com/apache/pinot-site.git,HTML,44700,False
incubator-ponymail,https://github.com/apache/incubator-ponymail.git,JavaScript,9492,False
hbase-site,https://github.com/apache/hbase-site.git,,2686378,True
dubbo-rpc-jsonrpc,https://github.com/apache/dubbo-rpc-jsonrpc.git,Java,54,False
libcloud,https://github.com/apache/libcloud.git,Python,28699,False
jspwiki,https://github.com/apache/jspwiki.git,Java,73353,False
tika,https://github.com/apache/tika.git,Java,229128,False
submarine-site,https://github.com/apache/submarine-site.git,HTML,60533,False
submarine,https://github.com/apache/submarine.git,Java,26508,False
incubator-yunikorn-core,https://github.com/apache/incubator-yunikorn-core.git,Go,12453,False
incubator-yunikorn-k8shim,https://github.com/apache/incubator-yunikorn-k8shim.git,Go,26315,False
cxf,https://github.com/apache/cxf.git,Java,123161,False
pulsar-site,https://github.com/apache/pulsar-site.git,HTML,43197,False
pulsar-release,https://github.com/apache/pulsar-release.git,Java,1156,False
commons-beanutils,https://github.com/apache/commons-beanutils.git,Java,4332,False
pulsar-translation,https://github.com/apache/pulsar-translation.git,,2333,False
incubator-nuttx-apps,https://github.com/apache/incubator-nuttx-apps.git,C,15723,False
airflow-site,https://github.com/apache/airflow-site.git,HTML,150572,False
rocketmq-client-cpp,https://github.com/apache/rocketmq-client-cpp.git,C++,5910,False
shardingsphere-doc,https://github.com/apache/shardingsphere-doc.git,HTML,1253025,True
datafu,https://github.com/apache/datafu.git,Java,30281,False
echarts-examples,https://github.com/apache/echarts-examples.git,TypeScript,627820,True
asterixdb,https://github.com/apache/asterixdb.git,Java,181624,False
dubbo-getty,https://github.com/apache/dubbo-getty.git,Go,25785,False
cordova-osx,https://github.com/apache/cordova-osx.git,Objective-C,17618,False
metron,https://github.com/apache/metron.git,Java,97572,False
struts-examples,https://github.com/apache/struts-examples.git,Java,3623,False
incubator-pegasus,https://github.com/apache/incubator-pegasus.git,C++,33834,False
syncope,https://github.com/apache/syncope.git,Java,60524,False
phoenix-omid,https://github.com/apache/phoenix-omid.git,Java,4810,False
dubbo-go-samples,https://github.com/apache/dubbo-go-samples.git,Go,4619,False
yetus,https://github.com/apache/yetus.git,Shell,6927,False
cordova-plugin-geolocation,https://github.com/apache/cordova-plugin-geolocation.git,JavaScript,606,False
camel-k-examples,https://github.com/apache/camel-k-examples.git,Java,239,False
iotdb-website,https://github.com/apache/iotdb-website.git,HTML,473034,True
couchdb-pkg,https://github.com/apache/couchdb-pkg.git,Shell,25925,False
dubbo-spring-boot-project,https://github.com/apache/dubbo-spring-boot-project.git,Java,1608,False
couchdb-b64url,https://github.com/apache/couchdb-b64url.git,C,42,False
bigtop,https://github.com/apache/bigtop.git,Groovy,63622,False
wicket,https://github.com/apache/wicket.git,Java,128087,False
flink-statefun,https://github.com/apache/flink-statefun.git,Java,5399,False
plc4x-website,https://github.com/apache/plc4x-website.git,HTML,93777,False
brooklyn-dist,https://github.com/apache/brooklyn-dist.git,Shell,1924,False
brooklyn-server,https://github.com/apache/brooklyn-server.git,Java,43161,False
plc4x-build-tools,https://github.com/apache/plc4x-build-tools.git,Java,13795,False
camel-kameleon,https://github.com/apache/camel-kameleon.git,Java,2339,False
airflow-client-python,https://github.com/apache/airflow-client-python.git,Python,796,False
guacamole-server,https://github.com/apache/guacamole-server.git,C,7696,False
cxf-fediz,https://github.com/apache/cxf-fediz.git,Java,7376,False
commons-compress,https://github.com/apache/commons-compress.git,Java,24758,False
zeppelin,https://github.com/apache/zeppelin.git,Java,98760,False
incubator-livy,https://github.com/apache/incubator-livy.git,Scala,3696,False
sling-org-apache-sling-testing-clients,https://github.com/apache/sling-org-apache-sling-testing-clients.git,Java,358,False
eagle,https://github.com/apache/eagle.git,Java,35666,False
dubbo-samples,https://github.com/apache/dubbo-samples.git,Java,4190,False
incubator-shenyu-dashboard,https://github.com/apache/incubator-shenyu-dashboard.git,JavaScript,9727,False
parquet-format,https://github.com/apache/parquet-format.git,Java,1203,False
sling-org-apache-sling-discovery-standalone,https://github.com/apache/sling-org-apache-sling-discovery-standalone.git,Java,36,False
unomi,https://github.com/apache/unomi.git,Java,15008,False
skywalking-nginx-lua,https://github.com/apache/skywalking-nginx-lua.git,Lua,286,False
mahout,https://github.com/apache/mahout.git,Java,67493,False
flink-docker,https://github.com/apache/flink-docker.git,Shell,446,False
ignite-3,https://github.com/apache/ignite-3.git,Java,6382,False
royale-compiler,https://github.com/apache/royale-compiler.git,Java,88179,False
dubbo-go-hessian2,https://github.com/apache/dubbo-go-hessian2.git,Go,1089,False
openwhisk-website,https://github.com/apache/openwhisk-website.git,HTML,43176,False
openmeetings,https://github.com/apache/openmeetings.git,Java,80586,False
calcite-avatica,https://github.com/apache/calcite-avatica.git,Java,33912,False
skywalking-rocketbot-ui,https://github.com/apache/skywalking-rocketbot-ui.git,Vue,15462,False
directory-server,https://github.com/apache/directory-server.git,Java,71466,False
ranger,https://github.com/apache/ranger.git,Java,102093,False
cordova-coho,https://github.com/apache/cordova-coho.git,JavaScript,1986,False
mina,https://github.com/apache/mina.git,Java,15484,False
skywalking-kubernetes-event-exporter,https://github.com/apache/skywalking-kubernetes-event-exporter.git,Go,146,False
cassandra-website,https://github.com/apache/cassandra-website.git,CSS,63459,False
sling-org-apache-sling-feature-extension-apiregions,https://github.com/apache/sling-org-apache-sling-feature-extension-apiregions.git,Java,461,False
comdev-site,https://github.com/apache/comdev-site.git,HTML,3171,False
guacamole-client,https://github.com/apache/guacamole-client.git,Java,20874,False
couchdb-fauxton,https://github.com/apache/couchdb-fauxton.git,JavaScript,12245,False
servicemix,https://github.com/apache/servicemix.git,Java,4543,False
activemq-apollo,https://github.com/apache/activemq-apollo.git,Java,11124,False
commons-collections,https://github.com/apache/commons-collections.git,Java,20971,False
jackrabbit,https://github.com/apache/jackrabbit.git,Java,60117,False
ofbiz,https://github.com/apache/ofbiz.git,Java,892930,True
incubator-nemo,https://github.com/apache/incubator-nemo.git,Java,23908,False
felix-dev,https://github.com/apache/felix-dev.git,Java,78326,False
james-project,https://github.com/apache/james-project.git,Java,100681,False
helix,https://github.com/apache/helix.git,Java,90375,False
carbondata,https://github.com/apache/carbondata.git,Scala,83322,False
hbase-filesystem,https://github.com/apache/hbase-filesystem.git,Java,215,False
samza,https://github.com/apache/samza.git,Java,33262,False
parquet-cpp,https://github.com/apache/parquet-cpp.git,C++,2700,False
tvm-rfcs,https://github.com/apache/tvm-rfcs.git,,942,False
skywalking-banyandb-java-client,https://github.com/apache/skywalking-banyandb-java-client.git,Java,190,False
incubator-crail,https://github.com/apache/incubator-crail.git,Java,1309,False
allura,https://github.com/apache/allura.git,Python,40980,False
xerces-c,https://github.com/apache/xerces-c.git,C++,24320,False
camel-spring-boot-examples,https://github.com/apache/camel-spring-boot-examples.git,Java,2401,False
cordova-plugin-wkwebview-engine,https://github.com/apache/cordova-plugin-wkwebview-engine.git,Objective-C,220,False
brooklyn-library,https://github.com/apache/brooklyn-library.git,Java,14014,False
servicecomb-java-chassis,https://github.com/apache/servicecomb-java-chassis.git,Java,18236,False
commons-csv,https://github.com/apache/commons-csv.git,Java,38389,False
cordova-plugins,https://github.com/apache/cordova-plugins.git,,12945,False
pig,https://github.com/apache/pig.git,Java,91308,False
bahir-flink,https://github.com/apache/bahir-flink.git,Java,1296,False
commons-math,https://github.com/apache/commons-math.git,Java,28639,False
struts,https://github.com/apache/struts.git,Java,77324,False
aries-jax-rs-whiteboard,https://github.com/apache/aries-jax-rs-whiteboard.git,Java,1501,False
datasketches-website,https://github.com/apache/datasketches-website.git,HTML,87848,False
sling-org-apache-sling-testing-sling-mock,https://github.com/apache/sling-org-apache-sling-testing-sling-mock.git,Java,880,False
maven-resolver,https://github.com/apache/maven-resolver.git,Java,4053,False
sling-org-apache-sling-feature-launcher,https://github.com/apache/sling-org-apache-sling-feature-launcher.git,Java,284,False
drill-site,https://github.com/apache/drill-site.git,HTML,147624,False
cordova-app-hello-world,https://github.com/apache/cordova-app-hello-world.git,CSS,13687,False
knox,https://github.com/apache/knox.git,Java,20888,False
cordova-docs,https://github.com/apache/cordova-docs.git,JavaScript,184518,False
solr-operator,https://github.com/apache/solr-operator.git,Go,4021,False
servicemix-bundles,https://github.com/apache/servicemix-bundles.git,Java,20162,False
kibble-1,https://github.com/apache/kibble-1.git,Python,2108,False
couchdb-erlfdb,https://github.com/apache/couchdb-erlfdb.git,Erlang,375,False
ignite-teamcity-bot,https://github.com/apache/ignite-teamcity-bot.git,Java,3924,False
echarts-theme-builder,https://github.com/apache/echarts-theme-builder.git,JavaScript,3024,False
maven-release,https://github.com/apache/maven-release.git,Java,3314,False
tomcat-jakartaee-migration,https://github.com/apache/tomcat-jakartaee-migration.git,Java,314,False
pulsar-test-infra,https://github.com/apache/pulsar-test-infra.git,TypeScript,13902,False
bahir-website,https://github.com/apache/bahir-website.git,CSS,1852,False
maven-site,https://github.com/apache/maven-site.git,CSS,14334,False
incubator-hop,https://github.com/apache/incubator-hop.git,Java,118138,False
cordova-plugman,https://github.com/apache/cordova-plugman.git,JavaScript,5525,False
cordova,https://github.com/apache/cordova.git,,33,False
servicecomb-pack,https://github.com/apache/servicecomb-pack.git,Java,15119,False
incubator-weex,https://github.com/apache/incubator-weex.git,C++,282740,False
openwhisk-workshop,https://github.com/apache/openwhisk-workshop.git,JavaScript,54,False
cordova-plugin-screen-orientation,https://github.com/apache/cordova-plugin-screen-orientation.git,JavaScript,232,False
lucene-solr,https://github.com/apache/lucene-solr.git,,584792,True
singa,https://github.com/apache/singa.git,C++,19708,False
httpcomponents-website,https://github.com/apache/httpcomponents-website.git,CSS,518,False
infrastructure-puppet,https://github.com/apache/infrastructure-puppet.git,Python,44023,False
dubbo-js,https://github.com/apache/dubbo-js.git,TypeScript,32260,False
aurora,https://github.com/apache/aurora.git,Java,30334,False
usergrid,https://github.com/apache/usergrid.git,Java,383452,True
cordova-plugin-file,https://github.com/apache/cordova-plugin-file.git,JavaScript,2237,False
cordova-plugin-network-information,https://github.com/apache/cordova-plugin-network-information.git,Objective-C,417,False
predictionio,https://github.com/apache/predictionio.git,Scala,36295,False
cordova-js,https://github.com/apache/cordova-js.git,JavaScript,12538,False
flume,https://github.com/apache/flume.git,Java,44453,False
incubator-pagespeed-mod,https://github.com/apache/incubator-pagespeed-mod.git,C++,53987,False
pulsar-client-go,https://github.com/apache/pulsar-client-go.git,Go,1769,False
datasketches-characterization,https://github.com/apache/datasketches-characterization.git,Java,23070,False
incubator-nuttx-website,https://github.com/apache/incubator-nuttx-website.git,SCSS,23747,False
ant,https://github.com/apache/ant.git,Java,75616,False
buildr,https://github.com/apache/buildr.git,Ruby,9326,False
phoenix,https://github.com/apache/phoenix.git,Java,73647,False
hbase-thirdparty,https://github.com/apache/hbase-thirdparty.git,Java,260,False
tvm-vta,https://github.com/apache/tvm-vta.git,Scala,1478,False
incubator-yunikorn-site,https://github.com/apache/incubator-yunikorn-site.git,JavaScript,56725,False
cordova-plugin-file-transfer,https://github.com/apache/cordova-plugin-file-transfer.git,JavaScript,1152,False
flink-benchmarks,https://github.com/apache/flink-benchmarks.git,Java,385,False
xmlgraphics-batik,https://github.com/apache/xmlgraphics-batik.git,Java,166204,False
skywalking-client-js,https://github.com/apache/skywalking-client-js.git,TypeScript,392,False
commons-chain,https://github.com/apache/commons-chain.git,Java,1664,False
skywalking-cli,https://github.com/apache/skywalking-cli.git,Go,729,False
skywalking-rust,https://github.com/apache/skywalking-rust.git,Rust,49,False
commons-jexl,https://github.com/apache/commons-jexl.git,Java,5326,False
incubator-age-viewer,https://github.com/apache/incubator-age-viewer.git,JavaScript,6791,False
tika-helm,https://github.com/apache/tika-helm.git,Smarty,70,False
roller,https://github.com/apache/roller.git,Java,301221,True
sqoop,https://github.com/apache/sqoop.git,Java,18789,False
incubator-tuweni,https://github.com/apache/incubator-tuweni.git,Java,44876,False
airflow-on-k8s-operator,https://github.com/apache/airflow-on-k8s-operator.git,Go,35409,False
openwhisk-runtime-python,https://github.com/apache/openwhisk-runtime-python.git,Jupyter Notebook,6035,False
druid-website,https://github.com/apache/druid-website.git,HTML,90819,False
druid-website-src,https://github.com/apache/druid-website-src.git,HTML,82893,False
solr-site,https://github.com/apache/solr-site.git,HTML,71215,False
flink-statefun-playground,https://github.com/apache/flink-statefun-playground.git,,3669,False
maven-resolver-ant-tasks,https://github.com/apache/maven-resolver-ant-tasks.git,Java,388,False
incubator-sdap-nexus,https://github.com/apache/incubator-sdap-nexus.git,Python,4819,False
griffin,https://github.com/apache/griffin.git,Scala,28267,False
sling-whiteboard,https://github.com/apache/sling-whiteboard.git,Java,96096,False
commons-pool,https://github.com/apache/commons-pool.git,Java,6707,False
openoffice-externals,https://github.com/apache/openoffice-externals.git,,13092,False
brooklyn-docs,https://github.com/apache/brooklyn-docs.git,JavaScript,28887,False
arrow-cookbook,https://github.com/apache/arrow-cookbook.git,C++,540,False
ignite-website,https://github.com/apache/ignite-website.git,HTML,288914,False
incubator-pagespeed-cpanel,https://github.com/apache/incubator-pagespeed-cpanel.git,Perl,42,False
nifi-minifi-cpp,https://github.com/apache/nifi-minifi-cpp.git,C++,36935,False
dubbo-kubernetes,https://github.com/apache/dubbo-kubernetes.git,Java,48557,False
superset-site,https://github.com/apache/superset-site.git,HTML,240867,False
arrow-testing,https://github.com/apache/arrow-testing.git,Shell,29727,False
incubator-teaclave-trustzone-sdk,https://github.com/apache/incubator-teaclave-trustzone-sdk.git,Rust,820,False
directory-ldap-api,https://github.com/apache/directory-ldap-api.git,Java,49551,False
ofbiz-site,https://github.com/apache/ofbiz-site.git,HTML,26856,False
mynewt-newt,https://github.com/apache/mynewt-newt.git,Go,11843,False
activemq-artemis-native,https://github.com/apache/activemq-artemis-native.git,Java,446,False
streams,https://github.com/apache/streams.git,Java,147991,False
commons-configuration,https://github.com/apache/commons-configuration.git,Java,19803,False
hadoop-site,https://github.com/apache/hadoop-site.git,,434858,True
maven-compiler-plugin,https://github.com/apache/maven-compiler-plugin.git,Java,876,False
commons-dbcp,https://github.com/apache/commons-dbcp.git,Java,6874,False
commons-release-plugin,https://github.com/apache/commons-release-plugin.git,Java,6337,False
commons-digester,https://github.com/apache/commons-digester.git,Java,4393,False
maven-shared-utils,https://github.com/apache/maven-shared-utils.git,Java,901,False
lucene-site,https://github.com/apache/lucene-site.git,CSS,70531,False
commons-statistics,https://github.com/apache/commons-statistics.git,Java,2455,False
maven-dist-tool,https://github.com/apache/maven-dist-tool.git,,391,False
maven-plugin-tools,https://github.com/apache/maven-plugin-tools.git,Java,2961,False
commons-bcel,https://github.com/apache/commons-bcel.git,Java,6664,False
commons-functor,https://github.com/apache/commons-functor.git,Java,4769,False
commons-jelly,https://github.com/apache/commons-jelly.git,Java,5370,False
commons-parent,https://github.com/apache/commons-parent.git,,1357,False
maven-dependency-analyzer,https://github.com/apache/maven-dependency-analyzer.git,Java,361,False
commons-email,https://github.com/apache/commons-email.git,Java,1750,False
commons-daemon,https://github.com/apache/commons-daemon.git,C,2190,False
tomcat-native,https://github.com/apache/tomcat-native.git,C,15812,False
commons-numbers,https://github.com/apache/commons-numbers.git,Java,29243,False
maven-file-management,https://github.com/apache/maven-file-management.git,Java,163,False
httpd-tests,https://github.com/apache/httpd-tests.git,Perl,2834,False
skywalking-agent-test-tool,https://github.com/apache/skywalking-agent-test-tool.git,Java,212,False
maven-pdf-plugin,https://github.com/apache/maven-pdf-plugin.git,Java,376,False
commons-cli,https://github.com/apache/commons-cli.git,Java,3308,False
freemarker-generator,https://github.com/apache/freemarker-generator.git,Java,1917,False
maven-studies,https://github.com/apache/maven-studies.git,,40625,False
maven-dependency-tree,https://github.com/apache/maven-dependency-tree.git,Java,355,False
commons-exec,https://github.com/apache/commons-exec.git,Java,2291,False
dubbo-docs,https://github.com/apache/dubbo-docs.git,,14297,False
tomee-jakarta,https://github.com/apache/tomee-jakarta.git,Java,1402,False
hbase-native-client,https://github.com/apache/hbase-native-client.git,C++,844,False
activemq-cli-tools,https://github.com/apache/activemq-cli-tools.git,Java,90,False
dubbo-awesome,https://github.com/apache/dubbo-awesome.git,,401613,True
dubbo-proxy,https://github.com/apache/dubbo-proxy.git,Java,34,False
commons-codec,https://github.com/apache/commons-codec.git,Java,5180,False
climate,https://github.com/apache/climate.git,Jupyter Notebook,35741,False
stdcxx,https://github.com/apache/stdcxx.git,C++,15270,False
activemq-cpp,https://github.com/apache/activemq-cpp.git,C++,31924,False
cordova-plugin-splashscreen,https://github.com/apache/cordova-plugin-splashscreen.git,Java,574,False
directory-buildtools,https://github.com/apache/directory-buildtools.git,Java,724,False
sling-org-apache-sling-testing-sling-mock-oak,https://github.com/apache/sling-org-apache-sling-testing-sling-mock-oak.git,Java,153,False
shardingsphere-elasticjob-cloud,https://github.com/apache/shardingsphere-elasticjob-cloud.git,Java,23924,False
openwhisk-devtools,https://github.com/apache/openwhisk-devtools.git,JavaScript,75895,False
rocketmq-exporter,https://github.com/apache/rocketmq-exporter.git,Java,169,False
struts-site,https://github.com/apache/struts-site.git,HTML,51604,False
httpcomponents-core,https://github.com/apache/httpcomponents-core.git,Java,18104,False
orc,https://github.com/apache/orc.git,HTML,39481,False
qpid-broker-j,https://github.com/apache/qpid-broker-j.git,Java,143705,False
qpid,https://github.com/apache/qpid.git,Java,214977,False
sling-samples,https://github.com/apache/sling-samples.git,Java,9269,False
sling-org-apache-sling-app-cms,https://github.com/apache/sling-org-apache-sling-app-cms.git,Java,8625,False
flink-shaded,https://github.com/apache/flink-shaded.git,Shell,203,False
echarts-doc,https://github.com/apache/echarts-doc.git,JavaScript,245976,False
cordova-plugin-contacts,https://github.com/apache/cordova-plugin-contacts.git,JavaScript,912,False
commons-logging,https://github.com/apache/commons-logging.git,Java,2624,False
activemq-website,https://github.com/apache/activemq-website.git,HTML,191031,False
rocketmq-cloudevents,https://github.com/apache/rocketmq-cloudevents.git,Java,15,False
rocketmq-streams,https://github.com/apache/rocketmq-streams.git,Java,2322,False
maven-dependency-plugin,https://github.com/apache/maven-dependency-plugin.git,Java,1996,False
xalan-c,https://github.com/apache/xalan-c.git,C++,50699,False
maven-enforcer,https://github.com/apache/maven-enforcer.git,Java,1879,False
sling-org-apache-sling-jcr-jackrabbit-usermanager,https://github.com/apache/sling-org-apache-sling-jcr-jackrabbit-usermanager.git,Java,429,False
unomi-site,https://github.com/apache/unomi-site.git,HTML,2429,False
maven-archetype,https://github.com/apache/maven-archetype.git,Java,4407,False
cassandra-harry,https://github.com/apache/cassandra-harry.git,Java,403,False
couchdb-infra-cm,https://github.com/apache/couchdb-infra-cm.git,Python,73,False
nifi-site,https://github.com/apache/nifi-site.git,Handlebars,2472,False
jena-site,https://github.com/apache/jena-site.git,HTML,72001,False
airflow-client-go,https://github.com/apache/airflow-client-go.git,Go,320,False
juneau,https://github.com/apache/juneau.git,Java,333370,True
incubator-eventmesh-site,https://github.com/apache/incubator-eventmesh-site.git,HTML,16258,False
servicecomb-service-center,https://github.com/apache/servicecomb-service-center.git,Go,22557,False
skywalking-website,https://github.com/apache/skywalking-website.git,CSS,375515,True
cloudstack-documentation,https://github.com/apache/cloudstack-documentation.git,Python,20939,False
sling-org-apache-sling-feature-cpconverter,https://github.com/apache/sling-org-apache-sling-feature-cpconverter.git,Java,2214,False
celix,https://github.com/apache/celix.git,C,12870,False
royale-docs,https://github.com/apache/royale-docs.git,Sass,13072,False
dubbo-erlang,https://github.com/apache/dubbo-erlang.git,Erlang,2456,False
cloudstack-www,https://github.com/apache/cloudstack-www.git,HTML,5047,False
rocketmq-client-go,https://github.com/apache/rocketmq-client-go.git,Go,1202,False
www-site,https://github.com/apache/www-site.git,HTML,537297,True
rocketmq-client-nodejs,https://github.com/apache/rocketmq-client-nodejs.git,C++,59,False
netbeans-website,https://github.com/apache/netbeans-website.git,SCSS,285542,False
maven-integration-testing,https://github.com/apache/maven-integration-testing.git,Java,17217,False
ws-wss4j,https://github.com/apache/ws-wss4j.git,Java,84059,False
incubator-yunikorn-web,https://github.com/apache/incubator-yunikorn-web.git,TypeScript,712,False
skywalking-infra-e2e,https://github.com/apache/skywalking-infra-e2e.git,Go,515,False
skywalking-kubernetes,https://github.com/apache/skywalking-kubernetes.git,Smarty,462,False
joshua,https://github.com/apache/joshua.git,Java,362742,True
iotdb-client-go,https://github.com/apache/iotdb-client-go.git,Go,231,False
phoenix-connectors,https://github.com/apache/phoenix-connectors.git,Java,567,False
skywalking-python,https://github.com/apache/skywalking-python.git,Python,464,False
skywalking-docker,https://github.com/apache/skywalking-docker.git,Dockerfile,117,False
maven-artifact-plugin,https://github.com/apache/maven-artifact-plugin.git,Java,323,False
incubator-weex-site,https://github.com/apache/incubator-weex-site.git,SCSS,106360,False
commons-dbutils,https://github.com/apache/commons-dbutils.git,Java,1244,False
mnemonic,https://github.com/apache/mnemonic.git,Java,2996,False
cordova-plugin-media,https://github.com/apache/cordova-plugin-media.git,JavaScript,859,False
ratis-thirdparty,https://github.com/apache/ratis-thirdparty.git,Shell,150,False
pulsar-helm-chart,https://github.com/apache/pulsar-helm-chart.git,Shell,373,False
cordova-plugin-battery-status,https://github.com/apache/cordova-plugin-battery-status.git,JavaScript,299,False
cordova-plugin-device,https://github.com/apache/cordova-plugin-device.git,JavaScript,401,False
cordova-plugin-device-orientation,https://github.com/apache/cordova-plugin-device-orientation.git,JavaScript,364,False
cordova-plugin-vibration,https://github.com/apache/cordova-plugin-vibration.git,JavaScript,669,False
cordova-plugin-device-motion,https://github.com/apache/cordova-plugin-device-motion.git,JavaScript,393,False
commons-ognl,https://github.com/apache/commons-ognl.git,Java,1786,False
apisix-java-plugin-runner,https://github.com/apache/apisix-java-plugin-runner.git,Java,784,False
incubator-liminal,https://github.com/apache/incubator-liminal.git,Python,6517,False
incubator-sedona,https://github.com/apache/incubator-sedona.git,Java,504259,True
metron-bro-plugin-kafka,https://github.com/apache/metron-bro-plugin-kafka.git,Shell,71128,False
couchdb-docker,https://github.com/apache/couchdb-docker.git,Shell,292,False
maven-doxia-converter,https://github.com/apache/maven-doxia-converter.git,Java,206,False
samza-beam-examples,https://github.com/apache/samza-beam-examples.git,Java,34,False
tapestry-5,https://github.com/apache/tapestry-5.git,Java,44193,False
flink-playgrounds,https://github.com/apache/flink-playgrounds.git,Java,1157,False
axis-axis2-java-core,https://github.com/apache/axis-axis2-java-core.git,Java,74366,False
tcl-site,https://github.com/apache/tcl-site.git,HTML,3679,False
directory-fortress-core,https://github.com/apache/directory-fortress-core.git,Java,13376,False
cloudstack-kubernetes-provider,https://github.com/apache/cloudstack-kubernetes-provider.git,Go,53428,False
camel-karaf,https://github.com/apache/camel-karaf.git,Java,2728,False
oozie,https://github.com/apache/oozie.git,Java,31354,False
ws-neethi,https://github.com/apache/ws-neethi.git,Java,1601,False
activemq-nms-amqp,https://github.com/apache/activemq-nms-amqp.git,C#,944,False
skywalking-data-collect-protocol,https://github.com/apache/skywalking-data-collect-protocol.git,Starlark,124,False
tcl-rivet,https://github.com/apache/tcl-rivet.git,C,5620,False
servicecomb-mesher,https://github.com/apache/servicecomb-mesher.git,Go,651,False
shardingsphere-elasticjob-ui,https://github.com/apache/shardingsphere-elasticjob-ui.git,Java,1239,False
cassandra-sidecar,https://github.com/apache/cassandra-sidecar.git,Java,188,False
infrastructure-pelican,https://github.com/apache/infrastructure-pelican.git,Python,205,False
groovy-dev-site,https://github.com/apache/groovy-dev-site.git,HTML,3337,False
groovy-website,https://github.com/apache/groovy-website.git,Groovy,4272,False
maven-indexer,https://github.com/apache/maven-indexer.git,Java,8251,False
whimsy,https://github.com/apache/whimsy.git,Ruby,9128,False
sling-org-apache-sling-pipes,https://github.com/apache/sling-org-apache-sling-pipes.git,Java,938,False
pulsar-dotpulsar,https://github.com/apache/pulsar-dotpulsar.git,C#,734,False
uima-uimaj,https://github.com/apache/uima-uimaj.git,Java,63780,False
jclouds-site,https://github.com/apache/jclouds-site.git,HTML,8428,False
couchdb-couch-plugins,https://github.com/apache/couchdb-couch-plugins.git,Erlang,31,False
camel-quarkus-examples,https://github.com/apache/camel-quarkus-examples.git,Java,438,False
sling-org-apache-sling-i18n,https://github.com/apache/sling-org-apache-sling-i18n.git,Java,348,False
jackrabbit-filevault,https://github.com/apache/jackrabbit-filevault.git,Java,5304,False
ignite-python-thin-client,https://github.com/apache/ignite-python-thin-client.git,Python,521,False
rocketmq-docker,https://github.com/apache/rocketmq-docker.git,Shell,97,False
rocketmq-apis,https://github.com/apache/rocketmq-apis.git,Starlark,32,False
olingo-odata4,https://github.com/apache/olingo-odata4.git,Java,53661,False
commons-imaging,https://github.com/apache/commons-imaging.git,Java,39591,False
trafficserver-ci,https://github.com/apache/trafficserver-ci.git,Shell,335,False
maven-gh-actions-shared,https://github.com/apache/maven-gh-actions-shared.git,,34,False
openoffice-org,https://github.com/apache/openoffice-org.git,HTML,3056274,True
airavata-django-portal,https://github.com/apache/airavata-django-portal.git,Python,90392,False
couchdb-helm,https://github.com/apache/couchdb-helm.git,Mustache,243,False
rocketmq-site,https://github.com/apache/rocketmq-site.git,SCSS,24375,False
netbeans-jenkins-lib,https://github.com/apache/netbeans-jenkins-lib.git,Groovy,318,False
incubator-streampipes-examples,https://github.com/apache/incubator-streampipes-examples.git,Java,112,False
kibble,https://github.com/apache/kibble.git,Python,78,False
infrastructure-test,https://github.com/apache/infrastructure-test.git,,129,False
sling-org-apache-sling-feature-analyser,https://github.com/apache/sling-org-apache-sling-feature-analyser.git,Java,820,False
maven-shade-plugin,https://github.com/apache/maven-shade-plugin.git,Java,1177,False
echarts-handbook,https://github.com/apache/echarts-handbook.git,Vue,19052,False
skywalking-satellite,https://github.com/apache/skywalking-satellite.git,Go,1174,False
skywalking-nodejs,https://github.com/apache/skywalking-nodejs.git,TypeScript,349,False
maven-sources,https://github.com/apache/maven-sources.git,,46,False
commons-net,https://github.com/apache/commons-net.git,Java,8747,False
mnemonic-site,https://github.com/apache/mnemonic-site.git,SCSS,19740,False
felix-atomos,https://github.com/apache/felix-atomos.git,Java,1283,False
openwhisk-external-resources,https://github.com/apache/openwhisk-external-resources.git,,52,False
openwhisk-pluggable-provider,https://github.com/apache/openwhisk-pluggable-provider.git,JavaScript,395,False
openwhisk-package-pushnotifications,https://github.com/apache/openwhisk-package-pushnotifications.git,JavaScript,171,False
openwhisk-runtime-ballerina,https://github.com/apache/openwhisk-runtime-ballerina.git,Java,311,False
openwhisk-package-deploy,https://github.com/apache/openwhisk-package-deploy.git,Scala,96,False
steve,https://github.com/apache/steve.git,Python,845,False
infrastructure-roundtrip,https://github.com/apache/infrastructure-roundtrip.git,Python,70,False
gobblin-site,https://github.com/apache/gobblin-site.git,HTML,8063,False
incubator-flagon-userale-pyqt5,https://github.com/apache/incubator-flagon-userale-pyqt5.git,Python,952,False
incubator-flagon-tap,https://github.com/apache/incubator-flagon-tap.git,JavaScript,5299,False
incubator-flagon-stout,https://github.com/apache/incubator-flagon-stout.git,HTML,5421,False
incubator-flagon-user-ale,https://github.com/apache/incubator-flagon-user-ale.git,JavaScript,140449,False
geronimo-config,https://github.com/apache/geronimo-config.git,Java,238,False
incubator-milagro-crypto-c,https://github.com/apache/incubator-milagro-crypto-c.git,C,12886,False
netbeans-mavenutils-nbm-shared,https://github.com/apache/netbeans-mavenutils-nbm-shared.git,Java,3837,False
netbeans-mavenutils-nb-repository-plugin,https://github.com/apache/netbeans-mavenutils-nb-repository-plugin.git,Java,3831,False
freemarker-online-tester,https://github.com/apache/freemarker-online-tester.git,Java,243,False
freemarker-site,https://github.com/apache/freemarker-site.git,HTML,35770,False
netbeans-mavenutils-archetype-nbm-archetype,https://github.com/apache/netbeans-mavenutils-archetype-nbm-archetype.git,Groovy,3827,False
netbeans-mavenutils-archetype-nbm-suite-root,https://github.com/apache/netbeans-mavenutils-archetype-nbm-suite-root.git,Groovy,3827,False
netbeans-mavenutils-archetype-netbeans-platform-app-archetype,https://github.com/apache/netbeans-mavenutils-archetype-netbeans-platform-app-archetype.git,Java,3828,False
netbeans-mavenutils-parent,https://github.com/apache/netbeans-mavenutils-parent.git,Groovy,3827,False
netbeans-parent,https://github.com/apache/netbeans-parent.git,Groovy,2420,False
netbeans-webskin,https://github.com/apache/netbeans-webskin.git,JavaScript,3825,False
netbeans-mavenutils-nbm-maven-harness,https://github.com/apache/netbeans-mavenutils-nbm-maven-harness.git,Java,3836,False
chemistry-opencmis,https://github.com/apache/chemistry-opencmis.git,Java,15587,False
mina-ftpserver,https://github.com/apache/mina-ftpserver.git,Java,6462,False
velocity-master,https://github.com/apache/velocity-master.git,,21,False
uima-build-resources,https://github.com/apache/uima-build-resources.git,XSLT,89,False
geronimo-website,https://github.com/apache/geronimo-website.git,HTML,360,False
datasketches-pig,https://github.com/apache/datasketches-pig.git,Java,3510,False
fineract-cn-reporting,https://github.com/apache/fineract-cn-reporting.git,Java,304,False
fineract-cn-api,https://github.com/apache/fineract-cn-api.git,Java,129,False
fineract-cn-office,https://github.com/apache/fineract-cn-office.git,Java,304,False
ace,https://github.com/apache/ace.git,Java,180955,False
geode-kafka-connector,https://github.com/apache/geode-kafka-connector.git,Java,773,False
jmeter-site-preview,https://github.com/apache/jmeter-site-preview.git,HTML,19438,False
airflow-configure-aws-credentials,https://github.com/apache/airflow-configure-aws-credentials.git,JavaScript,3773,False
airflow-JamesIves-github-pages-deploy-action,https://github.com/apache/airflow-JamesIves-github-pages-deploy-action.git,TypeScript,52482,False
geronimo-jwt-auth,https://github.com/apache/geronimo-jwt-auth.git,Java,106,False
bahir,https://github.com/apache/bahir.git,Scala,1123,False
nifi-minifi,https://github.com/apache/nifi-minifi.git,Java,1992,False
incubator-liminal-site,https://github.com/apache/incubator-liminal-site.git,HTML,12416,False
cloudstack-primate,https://github.com/apache/cloudstack-primate.git,Vue,5732,False
fineract-cn-crypto,https://github.com/apache/fineract-cn-crypto.git,Java,87,False
fineract-cn-template,https://github.com/apache/fineract-cn-template.git,Java,201,False
fineract-cn-rhythm,https://github.com/apache/fineract-cn-rhythm.git,Java,384,False
groovy-examples,https://github.com/apache/groovy-examples.git,Groovy,196,False
crunch,https://github.com/apache/crunch.git,Java,7595,False
flex-blazeds,https://github.com/apache/flex-blazeds.git,Java,80980,False
openoffice-mwiki,https://github.com/apache/openoffice-mwiki.git,CSS,157,False
comdev-fosdem-content,https://github.com/apache/comdev-fosdem-content.git,HTML,20,False
comdev-fosdem-static,https://github.com/apache/comdev-fosdem-static.git,,1115,False
fineract-cn-data-jpa,https://github.com/apache/fineract-cn-data-jpa.git,Java,148,False
fineract-cn-command,https://github.com/apache/fineract-cn-command.git,Java,119,False
incubator-flagon-distill,https://github.com/apache/incubator-flagon-distill.git,Python,562,False
accumulo-classloaders,https://github.com/apache/accumulo-classloaders.git,Java,69,False
yetus-test-patch-action,https://github.com/apache/yetus-test-patch-action.git,Shell,17,False
geronimo-openapi,https://github.com/apache/geronimo-openapi.git,Java,334,False
airflow-helm-unittest,https://github.com/apache/airflow-helm-unittest.git,Go,397,False
logging-site,https://github.com/apache/logging-site.git,HTML,59790,False
cordova-discuss,https://github.com/apache/cordova-discuss.git,,434,False
logging-log4php-site,https://github.com/apache/logging-log4php-site.git,,1781,False
logging-log4php,https://github.com/apache/logging-log4php.git,PHP,4578,False
dubbo-python,https://github.com/apache/dubbo-python.git,Python,215,False
axis-axis1-java,https://github.com/apache/axis-axis1-java.git,Java,38594,False
openoffice-forums,https://github.com/apache/openoffice-forums.git,,5,False
derby,https://github.com/apache/derby.git,Java,84454,False
airflow-cancel-workflow-runs,https://github.com/apache/airflow-cancel-workflow-runs.git,TypeScript,339,False
airflow-get-workflow-origin,https://github.com/apache/airflow-get-workflow-origin.git,TypeScript,193,False
airflow-label-when-approved,https://github.com/apache/airflow-label-when-approved.git,TypeScript,202,False
airflow-github-push-action,https://github.com/apache/airflow-github-push-action.git,JavaScript,42,False
airflow-checks-action,https://github.com/apache/airflow-checks-action.git,TypeScript,377,False
airflow-codecov-action,https://github.com/apache/airflow-codecov-action.git,JavaScript,3325,False
airflow-pre-commit-action,https://github.com/apache/airflow-pre-commit-action.git,JavaScript,366,False
rya-site,https://github.com/apache/rya-site.git,SCSS,938,False
couchdb-lager,https://github.com/apache/couchdb-lager.git,Erlang,1049,False
mina-vysper,https://github.com/apache/mina-vysper.git,Java,29312,False
royale-website,https://github.com/apache/royale-website.git,,263895,False
fineract-cn-payroll,https://github.com/apache/fineract-cn-payroll.git,Java,245,False
juneau-petstore,https://github.com/apache/juneau-petstore.git,Java,802,False
incubator-nemo-website,https://github.com/apache/incubator-nemo-website.git,HTML,8247,False
incubator-bluemarlin,https://github.com/apache/incubator-bluemarlin.git,Python,50817,False
fineract-cn-interoperation,https://github.com/apache/fineract-cn-interoperation.git,Java,104,False
mynewt-mcumgr-cli,https://github.com/apache/mynewt-mcumgr-cli.git,Go,15,False
shardingsphere-externals,https://github.com/apache/shardingsphere-externals.git,,12,False
mynewt-imgmod,https://github.com/apache/mynewt-imgmod.git,Go,63,False
pulsar-presto,https://github.com/apache/pulsar-presto.git,Java,452,False
pulsar-connectors,https://github.com/apache/pulsar-connectors.git,Java,716,False
griffin-site,https://github.com/apache/griffin-site.git,CSS,11260,False
ignite-php-thin-client,https://github.com/apache/ignite-php-thin-client.git,PHP,139,False
phoenix-omid-site,https://github.com/apache/phoenix-omid-site.git,HTML,2784,False
logging-log4j-scala,https://github.com/apache/logging-log4j-scala.git,Scala,345,False
karaf-winegrower,https://github.com/apache/karaf-winegrower.git,Java,571,False
abdera,https://github.com/apache/abdera.git,Java,12255,False
cordova-node-xcode,https://github.com/apache/cordova-node-xcode.git,JavaScript,1257,False
ambari-logsearch,https://github.com/apache/ambari-logsearch.git,Java,9537,False
ambari-infra,https://github.com/apache/ambari-infra.git,Java,662,False
archiva-jenkins-lib,https://github.com/apache/archiva-jenkins-lib.git,Groovy,21,False
ambari-metrics,https://github.com/apache/ambari-metrics.git,Java,9167,False
uima-uimacpp,https://github.com/apache/uima-uimacpp.git,C++,2188,False
geronimo-microprofile,https://github.com/apache/geronimo-microprofile.git,Java,127,False
couchdb-bear,https://github.com/apache/couchdb-bear.git,Erlang,123,False
couchdb-escodegen,https://github.com/apache/couchdb-escodegen.git,JavaScript,2676,False
couchdb-esprima,https://github.com/apache/couchdb-esprima.git,TypeScript,53535,False
couchdb-ets-lru,https://github.com/apache/couchdb-ets-lru.git,Erlang,152,False
couchdb-hqueue,https://github.com/apache/couchdb-hqueue.git,C,14,False
couchdb-khash,https://github.com/apache/couchdb-khash.git,C,49,False
couchdb-local,https://github.com/apache/couchdb-local.git,Erlang,189,False
couchdb-thrift-protocol,https://github.com/apache/couchdb-thrift-protocol.git,Erlang,22,False
asterixdb-bad,https://github.com/apache/asterixdb-bad.git,Java,653,False
incubator-sdap-website,https://github.com/apache/incubator-sdap-website.git,JavaScript,12189,False
nifi-standard-libraries,https://github.com/apache/nifi-standard-libraries.git,,7,False
nifi-fds,https://github.com/apache/nifi-fds.git,HTML,127823,False
accumulo-pig,https://github.com/apache/accumulo-pig.git,Java,170,False
fluo-docker,https://github.com/apache/fluo-docker.git,Dockerfile,18,False
accumulo-bsp,https://github.com/apache/accumulo-bsp.git,Java,18,False
accumulo-instamo-archetype,https://github.com/apache/accumulo-instamo-archetype.git,Java,81,False
cayenne-examples,https://github.com/apache/cayenne-examples.git,Java,24,False
accumulo-maven-plugin,https://github.com/apache/accumulo-maven-plugin.git,Java,177,False
fluo-bytes,https://github.com/apache/fluo-bytes.git,,14,False
fluo-recipes,https://github.com/apache/fluo-recipes.git,Java,695,False
fluo-yarn,https://github.com/apache/fluo-yarn.git,Shell,66,False
fluo-examples,https://github.com/apache/fluo-examples.git,Java,986,False
infrastructure-otp,https://github.com/apache/infrastructure-otp.git,Python,75,False
httpd-mod_fcgid,https://github.com/apache/httpd-mod_fcgid.git,C,668,False
juneau-website,https://github.com/apache/juneau-website.git,HTML,545256,True
cocoon,https://github.com/apache/cocoon.git,Java,363587,True
beam-wheels,https://github.com/apache/beam-wheels.git,Shell,20,False
infrastructure-mailstats,https://github.com/apache/infrastructure-mailstats.git,Python,11,False
incubator-mxnet-examples,https://github.com/apache/incubator-mxnet-examples.git,,2,False
dubbo-php-framework,https://github.com/apache/dubbo-php-framework.git,PHP,6239,False
shardingsphere-acceptance-test,https://github.com/apache/shardingsphere-acceptance-test.git,Java,19666,False
ant-antlibs-props,https://github.com/apache/ant-antlibs-props.git,Java,72,False
maven-ant-tasks,https://github.com/apache/maven-ant-tasks.git,Java,863,False
ant-antlibs-vss,https://github.com/apache/ant-antlibs-vss.git,Java,31,False
ant-antlibs-common,https://github.com/apache/ant-antlibs-common.git,XSLT,168,False
aries-antora-ui,https://github.com/apache/aries-antora-ui.git,HTML,345,False
infrastructure-quota-agent,https://github.com/apache/infrastructure-quota-agent.git,,6,False
dolphinscheduler-maven-plugin,https://github.com/apache/dolphinscheduler-maven-plugin.git,Java,96,False
incubator-toree-website,https://github.com/apache/incubator-toree-website.git,CSS,2951,False
infrastructure-uninstaller,https://github.com/apache/infrastructure-uninstaller.git,Python,10,False
airavata-mft-portal,https://github.com/apache/airavata-mft-portal.git,Python,580,False
maven-jmod-plugin,https://github.com/apache/maven-jmod-plugin.git,Java,127,False
foundation-site,https://github.com/apache/foundation-site.git,CSS,4090,False
openwebbeans-peeco,https://github.com/apache/openwebbeans-peeco.git,Java,28,False
logging-log4j-audit-site,https://github.com/apache/logging-log4j-audit-site.git,,2027,False
servicemix-website,https://github.com/apache/servicemix-website.git,CSS,1266,False
axis-axis2-c-core,https://github.com/apache/axis-axis2-c-core.git,C,19740,False
incubator-retired-tamaya-site,https://github.com/apache/incubator-retired-tamaya-site.git,CSS,156181,False
geronimo-health,https://github.com/apache/geronimo-health.git,Java,29,False
couchdb-admin,https://github.com/apache/couchdb-admin.git,Shell,112,False
santuario-java,https://github.com/apache/santuario-java.git,Java,35886,False
opennlp-sandbox,https://github.com/apache/opennlp-sandbox.git,Java,12496,False
opennlp-addons,https://github.com/apache/opennlp-addons.git,Java,204,False
struts-archetypes,https://github.com/apache/struts-archetypes.git,Java,1576,False
xalan-site,https://github.com/apache/xalan-site.git,XSLT,313624,True
shardingsphere-elasticjob-example,https://github.com/apache/shardingsphere-elasticjob-example.git,Java,37,False
shardingsphere-elasticjob-doc,https://github.com/apache/shardingsphere-elasticjob-doc.git,HTML,22375,False
cordova-contribute,https://github.com/apache/cordova-contribute.git,,92,False
infrastructure-testapp,https://github.com/apache/infrastructure-testapp.git,Python,15,False
incubator-sdap-ingester,https://github.com/apache/incubator-sdap-ingester.git,Python,195791,False
fineract-cn-teller,https://github.com/apache/fineract-cn-teller.git,Java,461,False
archiva-site,https://github.com/apache/archiva-site.git,CSS,767,False
geronimo-opentracing,https://github.com/apache/geronimo-opentracing.git,Java,178,False
cordova-mobile-spec,https://github.com/apache/cordova-mobile-spec.git,JavaScript,3313,False
infrastructure-gnomebot,https://github.com/apache/infrastructure-gnomebot.git,,4,False
infrastructure-gitbox-reposyncer,https://github.com/apache/infrastructure-gitbox-reposyncer.git,,8,False
infrastructure-flup-auth,https://github.com/apache/infrastructure-flup-auth.git,,5,False
airflow-client-java,https://github.com/apache/airflow-client-java.git,,1,False
airflow-client-javascript,https://github.com/apache/airflow-client-javascript.git,,1,False
oltu,https://github.com/apache/oltu.git,Java,1844,False
incubator-retired-tamaya-extensions,https://github.com/apache/incubator-retired-tamaya-extensions.git,Java,6796,False
nifi-container,https://github.com/apache/nifi-container.git,,6,False
puppet-postfix,https://github.com/apache/puppet-postfix.git,HTML,172,False
openwebbeans-meecrowave-examples,https://github.com/apache/openwebbeans-meecrowave-examples.git,Java,49,False
incubator-streampipes-extensions,https://github.com/apache/incubator-streampipes-extensions.git,Java,51605,False
cxf-build-utils,https://github.com/apache/cxf-build-utils.git,Java,184,False
logging-log4j-audit,https://github.com/apache/logging-log4j-audit.git,Java,1539,False
ignite-web-console,https://github.com/apache/ignite-web-console.git,JavaScript,8843,False
vcl-site,https://github.com/apache/vcl-site.git,HTML,4206,False
incubator-pagespeed-drp,https://github.com/apache/incubator-pagespeed-drp.git,Python,238,False
sentry,https://github.com/apache/sentry.git,Java,10594,False
fineract-cn-lang,https://github.com/apache/fineract-cn-lang.git,Java,241,False
fineract-cn-test,https://github.com/apache/fineract-cn-test.git,Java,159,False
fineract-cn-cassandra,https://github.com/apache/fineract-cn-cassandra.git,Java,114,False
fineract-cn-async,https://github.com/apache/fineract-cn-async.git,Java,93,False
incubator-nlpcraft-ui,https://github.com/apache/incubator-nlpcraft-ui.git,TypeScript,62,False
puppet-module-ssh,https://github.com/apache/puppet-module-ssh.git,Ruby,799,False
fineract-cn-demo-server,https://github.com/apache/fineract-cn-demo-server.git,Java,263,False
fineract-cn-default-setup,https://github.com/apache/fineract-cn-default-setup.git,Java,84,False
incubator-taverna-common-activities,https://github.com/apache/incubator-taverna-common-activities.git,Java,5696,False
openwhisk-test,https://github.com/apache/openwhisk-test.git,JavaScript,25,False
geronimo-safeguard,https://github.com/apache/geronimo-safeguard.git,Java,203,False
axis-axis1-site-src,https://github.com/apache/axis-axis1-site-src.git,,482,False
trafodion-site,https://github.com/apache/trafodion-site.git,HTML,100700,False
fineract-cn-postgresql,https://github.com/apache/fineract-cn-postgresql.git,Java,90,False
fineract-cn-service-starter,https://github.com/apache/fineract-cn-service-starter.git,Java,116,False
fineract-cn-identity,https://github.com/apache/fineract-cn-identity.git,Java,565,False
fineract-cn-permitted-feign-client,https://github.com/apache/fineract-cn-permitted-feign-client.git,Java,201,False
tajo,https://github.com/apache/tajo.git,Java,30703,False
servicecomb-fence,https://github.com/apache/servicecomb-fence.git,Java,400,False
fineract-cn-group,https://github.com/apache/fineract-cn-group.git,Java,290,False
fineract-cn-notifications,https://github.com/apache/fineract-cn-notifications.git,Java,358,False
fineract-cn-cheques,https://github.com/apache/fineract-cn-cheques.git,Java,205,False
incubator-marvin-website,https://github.com/apache/incubator-marvin-website.git,HTML,7706,False
incubator-s2graph,https://github.com/apache/incubator-s2graph.git,Scala,14439,False
incubator-taverna-databundle-viewer,https://github.com/apache/incubator-taverna-databundle-viewer.git,Ruby,485,False
incubator-taverna-mobile,https://github.com/apache/incubator-taverna-mobile.git,Java,47941,False
incubator-taverna-engine,https://github.com/apache/incubator-taverna-engine.git,Java,6590,False
incubator-taverna-commandline,https://github.com/apache/incubator-taverna-commandline.git,Java,1014,False
incubator-taverna-workbench,https://github.com/apache/incubator-taverna-workbench.git,Java,9275,False
incubator-taverna-workbench-product,https://github.com/apache/incubator-taverna-workbench-product.git,Shell,95687,False
incubator-taverna-workbench-common-activities,https://github.com/apache/incubator-taverna-workbench-common-activities.git,Java,83850,False
incubator-taverna-server,https://github.com/apache/incubator-taverna-server.git,Java,244155,False
incubator-taverna-osgi,https://github.com/apache/incubator-taverna-osgi.git,Java,360,False
incubator-taverna-plugin-gis,https://github.com/apache/incubator-taverna-plugin-gis.git,Java,173,False
incubator-taverna-language,https://github.com/apache/incubator-taverna-language.git,Java,16306,False
incubator-taverna-maven-parent,https://github.com/apache/incubator-taverna-maven-parent.git,,202,False
twill,https://github.com/apache/twill.git,Java,13155,False
incubator-sdap-ningesterpy,https://github.com/apache/incubator-sdap-ningesterpy.git,Python,16160,False
incubator-sdap-ningester,https://github.com/apache/incubator-sdap-ningester.git,Java,36457,False
any23-server,https://github.com/apache/any23-server.git,Java,141,False
axis-axis1-c,https://github.com/apache/axis-axis1-c.git,C++,34091,False
flex-utilities,https://github.com/apache/flex-utilities.git,HTML,21831,False
serf,https://github.com/apache/serf.git,C,3127,False
comdev-wwwsite,https://github.com/apache/comdev-wwwsite.git,Python,3,False
uima-as_old,https://github.com/apache/uima-as_old.git,Java,12197,False
axis-axis2-java-kandula,https://github.com/apache/axis-axis2-java-kandula.git,Java,1059,False
axis-axis2-java-sandesha,https://github.com/apache/axis-axis2-java-sandesha.git,Java,16385,False
axis-axis2-java-savan,https://github.com/apache/axis-axis2-java-savan.git,Java,200,False
axis-axis2-java-transports,https://github.com/apache/axis-axis2-java-transports.git,Java,1287,False
axis-axis2-c-rampart,https://github.com/apache/axis-axis2-c-rampart.git,C,2437,False
axis-axis2-c-sandesha,https://github.com/apache/axis-axis2-c-sandesha.git,C,2894,False
axis-axis2-c-savan,https://github.com/apache/axis-axis2-c-savan.git,C,1673,False
couchdb-couch-dbupdates,https://github.com/apache/couchdb-couch-dbupdates.git,Erlang,26,False
asterixdb-hyracks,https://github.com/apache/asterixdb-hyracks.git,Java,21869,False
struts1,https://github.com/apache/struts1.git,Java,29195,False
incubator-optiq-csv,https://github.com/apache/incubator-optiq-csv.git,Java,94,False
incubator-optiq-linq4j,https://github.com/apache/incubator-optiq-linq4j.git,Java,593,False
myfaces-html5,https://github.com/apache/myfaces-html5.git,Java,4994,False
hama,https://github.com/apache/hama.git,Java,60551,False
myfaces-extcdi,https://github.com/apache/myfaces-extcdi.git,Java,6418,False
incubator-sdap-mudrod,https://github.com/apache/incubator-sdap-mudrod.git,Java,1997,False
myfaces-extval,https://github.com/apache/myfaces-extval.git,,4219,False
servicemix4-bundles,https://github.com/apache/servicemix4-bundles.git,Java,8854,False
tuscany-das,https://github.com/apache/tuscany-das.git,Java,1982,False
maven-2,https://github.com/apache/maven-2.git,Java,12546,False
stanbol,https://github.com/apache/stanbol.git,Java,83209,False
cxf-dosgi,https://github.com/apache/cxf-dosgi.git,Java,3444,False
struts-annotations,https://github.com/apache/struts-annotations.git,Java,123,False
fineract-cn-fims-web-app,https://github.com/apache/fineract-cn-fims-web-app.git,TypeScript,3456,False
incubator-samoa,https://github.com/apache/incubator-samoa.git,Java,6135,False
apisix-dashboard-built,https://github.com/apache/apisix-dashboard-built.git,CSS,1701,False
incubator-atlas,https://github.com/apache/incubator-atlas.git,Java,34267,False
incubator-brooklyn,https://github.com/apache/incubator-brooklyn.git,Java,258028,False
marmotta,https://github.com/apache/marmotta.git,Java,21517,False
aries-journaled-events,https://github.com/apache/aries-journaled-events.git,Java,117,False
felix,https://github.com/apache/felix.git,,96620,False
hadoop-common,https://github.com/apache/hadoop-common.git,Java,270460,False
arrow-dist,https://github.com/apache/arrow-dist.git,Shell,88,False
archiva-redback-components-parent,https://github.com/apache/archiva-redback-components-parent.git,,66,False
commons-skin,https://github.com/apache/commons-skin.git,JavaScript,246,False
archiva-redback-site,https://github.com/apache/archiva-redback-site.git,Shell,321,False
incubator-sdap-edge,https://github.com/apache/incubator-sdap-edge.git,Python,210,False
rocketmq-ons,https://github.com/apache/rocketmq-ons.git,Java,196,False
incubator-milagro-dta,https://github.com/apache/incubator-milagro-dta.git,Go,126255,False
aurora-packaging,https://github.com/apache/aurora-packaging.git,Shell,520,False
couchdb-ken,https://github.com/apache/couchdb-ken.git,Erlang,18,False
couchdb-smoosh,https://github.com/apache/couchdb-smoosh.git,Erlang,24,False
archiva-redback-components-modello-plugins,https://github.com/apache/archiva-redback-components-modello-plugins.git,,170,False
maven-doxia-tools,https://github.com/apache/maven-doxia-tools.git,Java,1332,False
incubator-retired-tamaya-sandbox,https://github.com/apache/incubator-retired-tamaya-sandbox.git,Java,1640,False
aurora-website,https://github.com/apache/aurora-website.git,HTML,4096,False
struts-master,https://github.com/apache/struts-master.git,,39,False
xerces-c-admin,https://github.com/apache/xerces-c-admin.git,,6,False
ode,https://github.com/apache/ode.git,Java,21659,False
httpcomponents-stylecheck,https://github.com/apache/httpcomponents-stylecheck.git,,17,False
drat,https://github.com/apache/drat.git,JavaScript,100715,False
ant-ivyde,https://github.com/apache/ant-ivyde.git,Java,10957,False
incubator-milagro,https://github.com/apache/incubator-milagro.git,HTML,16380,False
tapestry3,https://github.com/apache/tapestry3.git,Java,54938,False
tuscany-sdo,https://github.com/apache/tuscany-sdo.git,Java,2519,False
tiles,https://github.com/apache/tiles.git,Java,12554,False
incubator-twill,https://github.com/apache/incubator-twill.git,Java,10833,False
mina-asyncweb,https://github.com/apache/mina-asyncweb.git,Java,541,False
servicemix5,https://github.com/apache/servicemix5.git,CSS,871,False
pluto,https://github.com/apache/pluto.git,,14974,False
servicemix3,https://github.com/apache/servicemix3.git,Java,21493,False
servicemix4-kernel,https://github.com/apache/servicemix4-kernel.git,Java,1711,False
geronimo,https://github.com/apache/geronimo.git,Java,167708,False
dubbo-sentinel-support,https://github.com/apache/dubbo-sentinel-support.git,Java,30,False
incubator-myriad,https://github.com/apache/incubator-myriad.git,Java,10766,False
rocketmq-ons-cpp,https://github.com/apache/rocketmq-ons-cpp.git,C++,441,False
incubator-retired-edgent,https://github.com/apache/incubator-retired-edgent.git,Java,25183,False
rocketmq-remoting,https://github.com/apache/rocketmq-remoting.git,Java,167,False
incubator-retired-zipkin-website,https://github.com/apache/incubator-retired-zipkin-website.git,HTML,1433,False
lens,https://github.com/apache/lens.git,Java,18225,False
distributedlog,https://github.com/apache/distributedlog.git,Java,11843,False
tiles-autotag,https://github.com/apache/tiles-autotag.git,Java,457,False
uima-ducc,https://github.com/apache/uima-ducc.git,Java,53293,False
ws-parent,https://github.com/apache/ws-parent.git,,10,False
incubator-retired-tamaya,https://github.com/apache/incubator-retired-tamaya.git,Java,7630,False
maven-plugins,https://github.com/apache/maven-plugins.git,Java,55676,False
incubator-batchee,https://github.com/apache/incubator-batchee.git,Java,1584,False
ctakes,https://github.com/apache/ctakes.git,Java,6547064,True
apache.github.io,https://github.com/apache/apache.github.io.git,HTML,7,False
any23-plugins,https://github.com/apache/any23-plugins.git,Java,120,False
archiva-redback-components-expression-evaluator,https://github.com/apache/archiva-redback-components-expression-evaluator.git,,26,False
archiva-redback-components-spring-apacheds,https://github.com/apache/archiva-redback-components-spring-apacheds.git,,32,False
archiva-redback-components-spring-registry,https://github.com/apache/archiva-redback-components-spring-registry.git,,137,False
archiva-redback-components-spring-cache,https://github.com/apache/archiva-redback-components-spring-cache.git,,172,False
archiva-redback-components-spring-taskqueue,https://github.com/apache/archiva-redback-components-spring-taskqueue.git,,58,False
archiva-redback-components-spring-quartz,https://github.com/apache/archiva-redback-components-spring-quartz.git,,49,False
maven-osgi,https://github.com/apache/maven-osgi.git,Java,1142,False
chemistry-cmislib,https://github.com/apache/chemistry-cmislib.git,Python,693,False
comdev-projects,https://github.com/apache/comdev-projects.git,HTML,14939,False
comdev-reporter,https://github.com/apache/comdev-reporter.git,Python,6021,False
infrastructure-staging-test,https://github.com/apache/infrastructure-staging-test.git,HTML,35,False
incubator-weex-android-compatible,https://github.com/apache/incubator-weex-android-compatible.git,,120,False
groovy-user-site,https://github.com/apache/groovy-user-site.git,Groovy,2458,False
xalan-java,https://github.com/apache/xalan-java.git,Java,48918,False
incubator-milagro-crypto-js,https://github.com/apache/incubator-milagro-crypto-js.git,JavaScript,3176,False
servicemix-documentation,https://github.com/apache/servicemix-documentation.git,JavaScript,2128,False
servicemix-pom,https://github.com/apache/servicemix-pom.git,,168,False
jackrabbit-ocm,https://github.com/apache/jackrabbit-ocm.git,Java,1229,False
archiva-redback-components-spring-utils,https://github.com/apache/archiva-redback-components-spring-utils.git,Java,36,False
fineract-cn-mariadb,https://github.com/apache/fineract-cn-mariadb.git,Java,105,False
archiva-redback-components-site,https://github.com/apache/archiva-redback-components-site.git,Shell,12,False
archiva-redback-components-redback-features,https://github.com/apache/archiva-redback-components-redback-features.git,,12,False
incubator-retired-amaterasu,https://github.com/apache/incubator-retired-amaterasu.git,Kotlin,4663,False
continuum,https://github.com/apache/continuum.git,Java,20919,False
servicemix4-features,https://github.com/apache/servicemix4-features.git,Java,3434,False
incubator-sentry,https://github.com/apache/incubator-sentry.git,Java,5649,False
manifoldcf-integration-solr-3.x,https://github.com/apache/manifoldcf-integration-solr-3.x.git,Java,150400,False
struts-sandbox,https://github.com/apache/struts-sandbox.git,Java,17502,False
servicemix4-nmr,https://github.com/apache/servicemix4-nmr.git,Java,2846,False
maven-sandbox,https://github.com/apache/maven-sandbox.git,Java,53758,False
manifoldcf-integration-solr-4.x,https://github.com/apache/manifoldcf-integration-solr-4.x.git,Java,157683,False
shindig,https://github.com/apache/shindig.git,Java,18767,False
servicemix-utils,https://github.com/apache/servicemix-utils.git,Java,298,False
directmemory,https://github.com/apache/directmemory.git,Java,4560,False
tapestry4,https://github.com/apache/tapestry4.git,Java,76583,False
uima-addons,https://github.com/apache/uima-addons.git,Java,8388,False
openwhisk-deploy-openshift,https://github.com/apache/openwhisk-deploy-openshift.git,Shell,228,False
xalan-j,https://github.com/apache/xalan-j.git,Java,55092,False
ant-antlibs-dotnet,https://github.com/apache/ant-antlibs-dotnet.git,Java,232,False
ant-antlibs-compress,https://github.com/apache/ant-antlibs-compress.git,Java,1513,False
incubator-milagro-mfa-server,https://github.com/apache/incubator-milagro-mfa-server.git,C++,326,False
infrastructure-relaytest,https://github.com/apache/infrastructure-relaytest.git,,16206,False
predictionio-template-skeleton,https://github.com/apache/predictionio-template-skeleton.git,Scala,25,False
predictionio-template-similar-product,https://github.com/apache/predictionio-template-similar-product.git,Scala,41,False
predictionio-template-recommender,https://github.com/apache/predictionio-template-recommender.git,Scala,42,False
predictionio-template-ecom-recommender,https://github.com/apache/predictionio-template-ecom-recommender.git,Scala,52,False
metamodel-membrane,https://github.com/apache/metamodel-membrane.git,Java,132,False
incubator-taverna-site,https://github.com/apache/incubator-taverna-site.git,HTML,48827,False
maven-ant-plugin,https://github.com/apache/maven-ant-plugin.git,Java,279,False
uima-build,https://github.com/apache/uima-build.git,XSLT,798,False
predictionio-template-text-classifier,https://github.com/apache/predictionio-template-text-classifier.git,Scala,120549,False
airflow-ci,https://github.com/apache/airflow-ci.git,Dockerfile,26,False
maven-downloader,https://github.com/apache/maven-downloader.git,Java,30,False
incubator-milagro-crypto,https://github.com/apache/incubator-milagro-crypto.git,C,4805,False
maven-shared,https://github.com/apache/maven-shared.git,Java,13007,False
tomee-site,https://github.com/apache/tomee-site.git,HTML,117679,False
aries-site,https://github.com/apache/aries-site.git,HTML,139,False
infrastructure-ci-specs,https://github.com/apache/infrastructure-ci-specs.git,Python,16,False
puppet-etherpad_lite,https://github.com/apache/puppet-etherpad_lite.git,Puppet,99,False
maven-repository-builder-retired,https://github.com/apache/maven-repository-builder-retired.git,Java,72,False
pivot,https://github.com/apache/pivot.git,Java,40601,False
sis,https://github.com/apache/sis.git,Java,65306,False
any23,https://github.com/apache/any23.git,HTML,39879,False
ofbiz-tools,https://github.com/apache/ofbiz-tools.git,HTML,3031,False
httpasyncclient,https://github.com/apache/httpasyncclient.git,Java,1445,False
maven-runtime,https://github.com/apache/maven-runtime.git,Java,96,False
onami,https://github.com/apache/onami.git,Java,1643,False
incubator-retired-cmda,https://github.com/apache/incubator-retired-cmda.git,JavaScript,60419,False
sling-org-apache-sling-feature-applicationbuilder,https://github.com/apache/sling-org-apache-sling-feature-applicationbuilder.git,Java,51,False
sling-org-apache-sling-bnd-plugins,https://github.com/apache/sling-org-apache-sling-bnd-plugins.git,Java,15,False
comdev-helpwanted,https://github.com/apache/comdev-helpwanted.git,CoffeeScript,294,False
karaf-jclouds-cli,https://github.com/apache/karaf-jclouds-cli.git,Java,267,False
usergrid-nodejs,https://github.com/apache/usergrid-nodejs.git,JavaScript,402,False
karaf-jclouds,https://github.com/apache/karaf-jclouds.git,Java,1290,False
cordova-plugin-console,https://github.com/apache/cordova-plugin-console.git,JavaScript,141,False
cordova-plugin-legacy-whitelist,https://github.com/apache/cordova-plugin-legacy-whitelist.git,Objective-C,26,False
couchdb-triq,https://github.com/apache/couchdb-triq.git,Erlang,754,False
httpd-docs-build,https://github.com/apache/httpd-docs-build.git,Perl,12290,False
